RSAUB,HIUSE,JLXVE,HPHOK,QMGLE
g,X,T,h,Z
I,m,R,n,g
m,C,S,y,f
J,Z,S,e,i
d,V,Q,G,V
f,r,s,H,s
t,Z,N,V,S
A,L,R,u,L
i,N,l,X,W
W,J,v,k,g
c,G,H,D,o
W,C,b,L,C
U,C,D,J,s
M,o,D,R,d
f,v,V,J,U
U,i,Z,x,A
h,X,R,W,D
i,D,f,z,D
x,B,V,R,c
T,p,B,g,x
e,B,T,m,D
U,S,o,g,A
t,K,e,N,N
W,E,T,v,h
f,k,j,u,A
W,Z,h,X,J
O,U,X,b,y
F,t,T,F,a
U,h,m,B,J
R,I,F,R,z
O,h,X,R,s
F,U,E,N,O
K,v,o,U,I
h,t,g,P,d
h,P,V,T,V
k,e,q,g,Q
X,T,c,P,H
E,Q,U,m,S
R,a,V,Q,z
i,v,J,T,R
a,h,h,k,R
D,B,z,h,s
j,l,l,w,M
h,o,C,Y,p
B,y,c,j,G
i,i,d,H,q
B,q,U,J,P
d,O,Q,D,g
o,r,m,z,y
y,h,J,T,y
x,v,C,H,f
P,h,P,h,Z
s,y,W,H,a
G,u,w,U,M
y,M,K,U,q
l,n,a,H,y
G,M,q,p,l
Z,r,X,r,N
B,z,N,k,K
q,G,m,e,d
J,X,F,G,N
A,V,J,u,i
W,u,j,I,e
o,C,Z,Q,j
E,n,o,P,q
L,L,u,L,H
M,o,J,X,M
E,S,i,O,z
I,q,G,C,R
G,W,c,J,O
D,T,v,m,c
V,e,d,p,I
a,R,y,T,o
k,A,e,C,m
D,W,O,P,B
f,Q,Z,I,c
G,A,K,q,G
s,H,w,r,j
A,F,R,H,t
L,Z,c,h,t
m,O,j,g,c
m,h,v,V,L
s,j,d,e,V
F,s,F,H,O
Z,N,z,N,X
S,V,N,v,S
D,S,v,z,O
J,B,X,o,E
r,B,B,i,u
p,U,p,J,e
c,u,E,V,f
i,F,C,j,X
K,l,v,n,W
f,Z,e,W,I
l,x,L,N,P
G,N,M,K,S
y,a,D,C,w
t,F,v,c,g
P,P,U,Q,U
t,M,F,C,A
